datafile,sampname,variety,type,flavor,flowers,dry wt,Acetic acid butyl ester,Sabinene,β-Pinene,β-Myrcene,4-hexen-1-ol acetate,Eucalyptol,β-Ocimene,Benzeneacetaldehyde,ɣ-Terpinene,cis-Linalool oxide,trans-Linalool oxide,Linalool,"(E)-4,8-Dimethylnona-1,3,7-triene",Camphor,ɑ-Terpineol,Estragole,Fenchyl acetate,cis-Geraniol,trans-Geraniol,Cuminal,Citral,Bornyl acetate,"1,5,5-Trimethyl-6-methylene-cyclohexene","Unknown 43, 69, 55",ɑ-Cubebene,Eugenol,ɑ-Ylangene,Methyl cinnamate,Longicyclene,Methyleugenol,β-Elemene,Isolongifolene,cis-Bergamotene,"Unknown 95, 161, 107",Aromadendrene,Longifolene,β-Ylangene,β-Caryophyllene,ɑ-Bergamotene,β-Copaene,ɑ-Guaiene,Calarene,δ-Muurolene,ɑ-Muurolene,Humulene,(+)-epi-Bicyclosesquiphellandrene,ɣ-Muurolene,Germacrene D,Lavandulyl propionate,Valencene,"Unknown 43, 81, 105",ɑ-Amorphene,Aciphyllene,δ-Guaiene,ɣ-Cadinene,δ-Cadinene,"1,4-Cadinadiene",ɑ-Cadinene," [S-(Z)]- 3,7,11-trimethyl-1,6,10-Dodecatrien-3-ol","(3E,7E)-4,8,12-Trimethyltrideca-1,3,7,11-tetraene",Benzenecycloheptene,β-Elemenone,"Unknown 71, 43, 79",Spathulenol,"Unknown 109, 81, 43",Thymyl tiglate,Epicubenol,Methyl jasmonate,tau-Cadinol,"Unknown 161, 204, 105","Unknown 43, 105, 204",2-(1-phenylethyl)-Phenol,"Unknown 43, 55, 93","Unknown 43, 95, 41","2,6,10,14-Tetramethyl-7-(3-methylpent-4-enylidene) pentadecane","Unknown 161, 204, 43","Unknown 161, 43, 205"
,,,,,,RI,808,978,983,990,1002,1038,1048,1049,1064,1078,1092,1099,1116,1158,1199,1204,1205,1233,1257,1271,1274,1296,1351,1354,1364,1366,1390,1393,1399,1406,1407,1416,1428,1430,1433,1434,1440,1444,1448,1451,1455,1458,1466,1472,1478,1485,1494,1504,1510,1511,1511,1516,1519,1526,1534,1540,1553,1557,1568,1582,1585,1598,1613,1618,1618,1631,1640,1658,1663,1690,1739,1739,1766,1810,1845,1964,1987
basil0622_28.D,28atc123t1,aroma 2,flower,swt bas,10,0.2032,0,77.89705632,199.2229882,839.5798273,0,2547.11818,2509.340714,0,0,0,0,41436.19719,0,667.3246391,396.8939331,0,0,0,0,255.5191939,0,3841.258184,230.5731877,52.22126872,229.3325452,2933.585839,59.26123869,15.73976974,102.755613,0,7711.329722,0,0,0,0,0,2884.052124,172.0546655,0,1035.087693,2381.198882,0,3369.554653,0,761.3479854,247.1864084,0,2191.280118,323.1064498,0,276.0565695,0,607.786773,3512.699091,1239.444651,270.5556341,33.1862851,54.32754586,47.17652706,0,0,0,59.29372636,0,60.38447944,0,191.3624658,0,1482.732585,0,360.1542157,0,303.2047933,0,17.59522246,92.71385558,209.3165416
basil0622_30.D,30atc3t1,aroma 2,leaf,swt bas,1,0.036,0,0,0,0,0,3055.983096,0,0,0,0,0,3092.611317,0,0,0,326.325828,0,0,0,10268.44811,0,0,0,1381.853516,0,0,758.1872524,0,8566.014818,0,0,16992.54793,0,33085.09159,7381.979056,29638.22244,0,0,0,0,2010.348867,0,0,0,0,0,0,0,11267.81983,0,0,0,0,0,0,0,0,0,0,0,0,0,0,0,0,9294.470802,0,0,0,0,17414.24356,13580.65434,0,0,0,0,0
basil0622_35.D,36atc120t1,aroma 2,flower,swt bas,11,0.1692,0,0,0,0,0,1924.966373,1540.791932,0,0,0,0,21664.33022,0,88.49914842,168.8473646,0,0,0,0,366.0913294,0,1472.588063,51.79540832,33.78187493,186.8213039,2709.348952,0,0,21.34547083,0,1792.246827,0,0,0,0,0,709.0421215,164.4604127,0,263.6136993,878.3808109,0,1015.081415,0,203.3488724,88.07699276,0,473.6985361,231.9373076,101.466585,101.6058211,0,145.2451829,812.6830074,539.6351919,75.75256665,0,0,0,0,0,0,0,0,0,0,87.63358356,0,616.8381338,0,283.8375105,14.07943993,196.2293959,0,0,0,56.07966902
basil0622_70.D,70cic120t2,aroma 2,flower,swt bas,16,0.2023,0,0,0,602.8625845,0,161.0644548,1362.993089,0,178.5438155,0,0,23096.99163,0,212.8924212,20.96984976,0,0,0,19.07912471,59.97473457,0,605.9574298,465.3124157,6.8079898,482.5349465,202.7876302,36.0548156,24.00258481,129.2946979,0,8822.341917,0,0,0,0,0,3246.540895,260.7525899,424.5934866,1183.009541,2822.935286,0,4325.778299,0,1123.120565,294.502714,0,2420.892575,0,0,0,0,632.8773317,3735.725675,945.858593,118.7068291,0,0,35.23826119,0,0,0,0,0,0,0,55.02040282,0,201.951903,0,0,4.50095751,0,0,0,48.44358463,123.416509
basil0622_04.D,4cic14t1,cinnamon,flower,clove,15,0.2692,1037.68672,21.57534745,48.54734653,191.6690164,0,491.9495248,521.8944171,332.6678742,21.7443909,71.2554219,0,9025.981355,78.27543842,80.64177525,31.5439198,4287.12477,0,0,0,160.5949623,0,117.6202264,45.3726751,19.38206292,0,8.83496417,0,2268.998013,13.39977899,1.6847379,794.6693803,0,0,0,0,0,321.6546169,24.36695571,90.42153373,124.2965377,303.6179817,0,408.3611781,33.48006773,135.5056532,30.87789138,58.07587426,688.4222673,132.2190585,135.1554347,93.89524224,158.2947844,170.0922516,421.8919402,254.1776783,155.7137943,19.07375672,27.10697056,18.64334251,0,25.74473448,26.31542893,0,0,0,0,34.53395515,0,261.5935756,0,80.55821663,8.43861478,31.74416046,0,0,0,0
basil0622_17.D,17cic52t1,cinnamon,leaf,clove,1,0.0444,0,0,0,0,0,0,0,32975.20447,0,0,0,6721.989392,0,0,0,0,0,0,0,0,0,0,0,1900.71461,0,0,0,18059.99866,0,0,0,0,0,0,0,0,0,0,0,0,0,0,0,0,0,0,0,0,0,0,0,0,0,767.4834426,0,0,0,0,0,0,1539.332006,0,0,0,0,0,596.4880173,0,2658.843078,0,0,0,0,0,0,0,0
basil0622_44.D,44cic14t1,cinnamon,flower,clove,1,1,0,0,0,0,0,671.0862292,1920.272481,1923.632852,129.0992805,241.9576394,0,77608.33072,0,0,136.0779715,9847.604784,0,0,0,1261.980531,0,0,898.5109597,123.2946816,0,0,0,60297.02292,166.1606165,17.19311475,10333.82665,0,0,0,0,0,5744.488074,230.3755185,435.2420734,2489.385186,3006.294071,501.365725,7368.592458,0,1156.552784,678.4963957,51.1179254,5457.319257,837.8664877,0,702.3042461,1087.410173,1321.051843,4301.751777,3892.931533,495.3162562,0,199.8709169,881.6962141,0,88.45421906,3838.384638,0,0,0,0,968.6752352,0,7033.781979,0,1987.003414,0,782.76486,986.8045899,80.04126634,0,412.4954423
basil0622_75.D,75cic2t2,cinnamon,flower,clove,19,0.2232,0,0,0,0,0,45.6756898,101.4320988,0,0,0,0,2663.169924,0,0,0,330.5857515,0,0,0,177.4745651,0,0,11.27882928,0,0,0,0,2683.384298,0,0,244.9998915,0,0,0,0,0,155.1903123,6.38406805,0,72.5074172,82.65957343,0,154.1750522,0,28.00130046,17.84271753,0,75.71771797,0,0,0,0,18.89494732,19.11785961,113.8417801,13.28732553,0,0,0,0,0,96.2871332,0,0,0,0,21.05096476,0,118.9980355,0,66.83483034,0,29.77654165,0,7.08062805,0,20.84480466
basil0622_37.D,37gvc112t1,genovese,leaf,swt bas,1,0.0419,0,0,0,0,0,5604.728587,0,0,0,0,0,17108.44492,0,0,884.8258067,0,0,0,0,4583.835855,0,0,0,294.8205894,0,9996.519377,2103.019283,0,8441.165895,0,0,16807.03762,0,36648.83145,5531.784835,28280.17915,0,0,4237.02942,0,0,0,0,0,0,0,0,0,3085.892792,0,0,0,0,0,951.3328216,0,0,0,3109.68506,0,0,0,0,0,0,14715.18382,0,0,1446.218594,0,16222.46779,16167.69876,0,0,0,0,0
basil0622_39.D,39gvc83t1,genovese,flower,swt bas,17,0.3545,0,92.06880767,188.3077567,1244.752247,0,2150.562736,3942.980507,0,0,0,275.3082226,29001.04227,0,815.7073139,320.8183965,0,0,0,0,87.03190251,0,2007.268383,213.4700346,24.32406489,323.7323296,8240.954536,37.59319161,12.24621183,94.76775379,24.34531102,6012.024603,0,325.7595875,111.6259031,185.3181281,0,2498.890833,8614.836753,8501.024584,1395.077067,1838.287883,0,4068.429324,0,957.5652031,383.1311419,36.78106677,2712.219907,221.9889637,0,228.9622328,433.4558832,1616.020743,2788.090251,1942.68144,164.7611407,30.00736206,92.00024213,91.41582551,0,0,253.9409552,64.93767291,0,66.13225068,0,416.6369053,88.57289354,3768.933169,0,368.3951193,23.84362947,221.389126,143.5264633,83.78829795,77.25345492,215.0540161
basil0622_53.D,53gvc95t2,genovese,flower,swt bas,12,0.1661,0,0,0,0,0,1603.225073,817.7066849,0,0,0,0,68118.79926,0,238.3213368,288.3080842,0,21.95839164,0,0,333.3690133,0,1446.029686,98.61836383,10.21736629,0,6802.827424,41.59736079,0,52.35955409,6.38917604,3259.684678,0,502.7698729,0,0,0,1893.665499,123.7310361,9786.707723,0,1414.72955,0,2784.58854,0,583.9214066,292.0933079,0,1745.721591,128.1347876,138.456811,207.5379756,119.115696,1103.474694,1588.217604,1506.337455,114.233448,0,68.95437098,78.75867226,0,0,226.8896708,0,0,0,0,240.707877,0,1890.072855,0,400.4988029,11.26465947,306.1774351,0,0,0,111.0887384
basil0622_71.D,71gvc118t2,genovese,flower,swt bas,11,0.2198,122.8731561,24.73467536,72.21240477,342.7250937,0,447.2743109,962.4114695,0,0,0,0,23502.5729,0,68.33386935,68.19873297,0,12.12961954,0,0,211.764998,0,781.4166619,31.57747739,0,80.93077168,4061.785614,0,0,54.04308578,5.19133105,1296.074508,40.47414617,0,96.82580967,0,57.37474713,416.924077,0,5101.145732,0,536.9213035,0,660.9776549,0,152.0002601,126.3094737,0,1113.782037,20.05748558,0,0,0,434.5466788,396.1277979,633.7746236,41.9707316,0,29.74842154,0,0,0,58.61676256,70.28153218,0,71.5744143,0,110.6172568,0,711.7360971,0,298.4077647,9.97808396,163.9729506,0,0,0,0
basil0622_79.D,79gvc2t2,genovese,flower,swt bas,10,0.0516,0,684.0103065,1546.253922,7651.56304,0,16101.69726,23800.16899,0,235.571895,0,0,268959.5397,0,4840.282214,1567.401334,199.6816006,127.1292145,0,303.3203103,868.3359111,0,10911.05705,452.9710933,0,1943.231954,62878.46784,0,0,222.8446075,120.7408573,18831.80623,0,0,1844.76413,0,0,8562.658,0,108101.5022,0,9729.403342,0,15309.42342,0,2564.647384,2298.275993,0,27005.5482,0,0,0,0,12484.85855,12268.35825,10670.25523,988.2381698,236.7478097,550.9817877,266.1147876,0,0,2573.909353,997.2086121,0,1090.66046,0,2038.025904,297.1681105,15936.25407,0,4946.89639,0,1947.945601,0,165.1805661,0,160.9162273
basil0622_06.D,6gdc21t1,grk dwarf,flower,pungent,1,0.1549,0,2528.98507,9555.439022,13001.2532,1517.829942,98545.91649,0,14663.45071,0,0,1484.566714,167023.6083,0,5617.731546,7660.104576,492.1270728,308.1154773,0,0,4310.822457,0,38260.26536,1894.859066,0,0,124874.753,0,125.6953717,32.99255802,36437.7597,0,0,0,0,0,0,6678.519153,692.6277133,60230.4258,0,0,12992.8808,17282.43271,538.5345006,6560.009534,2317.838555,0,4257.71489,320.0904038,2050.0387,3028.67916,2996.531645,7287.269034,1433.009924,16101.66225,1621.340967,335.6519528,909.5454964,413.0671153,0,184.7288676,1161.206592,2812.104307,880.7917423,2863.8351,0,4104.317396,0,33617.10244,666.0026248,1538.163526,0,303.8856945,1144.617321,3431.566317,0,0
basil0622_20.D,20gdc24t1,grk dwarf,flower,pungent,26,0.1647,47.31554679,12.23615224,32.34162381,188.7103302,22.3976146,410.9448158,0,293.596445,0,56.44631793,0,10423.02557,120.3579334,240.0359564,48.33888642,1333.330945,0,0,0,115.7513249,0,316.990306,30.09420798,0,128.8457617,966.5892476,0,4.56268742,16.74567121,2.69044617,1282.171682,42.96483802,0,84.74145503,16.67799226,70.97227488,301.8080568,64.76340207,33.73888281,117.364604,579.1290748,0,492.3558967,0,327.3003315,105.1258788,0,1327.408378,0,113.6625142,96.43790744,0,137.8789409,432.6834141,498.6056386,92.04310986,17.22843257,23.56186229,16.87734663,0,0,0,0,0,0,0,65.24354617,0,436.7159397,0,188.4618567,36.90813537,100.1843735,0,0,0,0
basil0622_34.D,35gdc25t2,grk dwarf,flower,pungent,20,0.1729,0,17.9754761,46.99769545,297.0606797,0,345.025247,238.7249813,0,0,77.33308919,0,17678.60035,0,225.5869852,74.78086631,21.86381702,57.70693895,0,0,425.0315714,0,129.9370982,119.7988884,0,171.2089034,2756.690947,10.17095694,0,45.02216887,0,3259.442542,0,0,0,0,0,1226.954376,110.5227018,198.2711043,431.9326734,859.1977087,0,1543.80605,0,648.9459165,172.6435299,0,871.1519839,15.59570874,68.40940685,133.7808068,124.9582716,170.9012111,693.4026916,760.9448577,82.38858745,10.85763272,35.78894331,33.99211676,0,0,0,0,0,0,0,119.7760354,0,1228.778085,0,202.8231756,0,158.5008498,0,15.55762321,0,31.04116495
basil0622_58.D,58gvc109t2,grk dwarf,leaf,pungent,1,0.1874,0,0,0,0,0,634.7249417,598.5584498,0,0,0,0,5675.322848,0,0,0,0,0,0,0,2197.130449,0,0,0,25.83359008,0,80.05882596,0,0,0,0,0,0,0,0,0,0,0,0,2482.128855,0,0,0,0,0,0,0,0,0,0,0,0,0,0,0,247.1388494,0,0,0,0,0,0,0,0,0,0,0,0,0,155.8653131,0,0,0,0,0,0,0,0
basil0622_73.D,73gdc21t2,grk dwarf,flower,pungent,17,0.1886,0,52.14698917,149.8434114,408.2468024,0,1360.214053,0,298.6039133,0,0,0,23447.83983,0,376.0652334,216.1252764,0,72.49037094,0,0,346.2871697,0,3409.633121,114.0554053,0,224.4537069,3512.531755,0,0,62.97393214,12.16357912,4676.858597,0,0,0,0,0,1451.844119,186.858749,112.6250445,517.9968304,1654.145646,0,1825.322229,0,1155.952825,250.3529336,0,1690.708413,12.10975464,0,166.7933102,0,360.0599811,2048.885234,1233.140887,122.0613189,21.55150472,65.10399921,0,18.35031137,0,0,0,0,0,0,144.8491824,31.76202861,994.3429472,0,124.1165734,0,127.2541068,0,14.77659657,0,0
basil0622_24.D,24lec2t1,lemon,leaf,citrus,5,0.0806,0,0,158.822507,905.8152807,430.6213318,219.8972216,857.1815715,0,0,0,0,4251.27178,0,0,368.6326245,99.59918243,36.94245518,397.7769608,0,0,6210.222075,0,0,9.93123663,515.2133768,0,0,27.23162318,0,0,97.76217807,0,95.95738534,0,0,0,610.8565789,2124.286684,2644.4882,356.7561924,0,0,618.1493682,0,260.8847127,17.03417969,0,516.0562581,0,81.17631043,100.1919637,188.0354623,847.8133477,0,0,262.4399339,872.277176,0,0,0,0,0,0,118.2483615,0,0,0,0,0,0,598.4229598,0,0,0,0,0,0
basil0622_25.D,25lec82t1,lemon,flower,citrus,21,0.1849,0,0,99.88288883,1753.19171,410.2307215,112.2480601,1590.678123,0,166.8314417,0,0,14854.99328,199.0982174,19.47230147,893.5286445,0,46.45583769,4228.581437,1395.656531,280.2044863,9491.609031,0,0,0,101.8953953,0,184.9317557,46.35144516,42.50660651,0.50431868,669.0912481,0,269.1027858,0,0,0,3679.556182,10931.42923,8085.602103,1714.832573,0,0,3113.1135,0,1314.479319,105.4519922,233.1190794,3522.083457,228.3233686,0,0,693.1316945,2621.242962,184.1825263,140.4745657,963.1238078,2784.557168,0,0,0,0,106.3250219,0,94.26418689,0,16.83306265,0,0,0,0,262.6241324,0,0,0,0,17.00319355,88.14497512
basil0622_31.D,31lic135t1,lemon,flower,citrus,12,0.1902,0,0,0,406.8644376,44.59025419,0,199.6934065,0,0,0,58.36838486,0,0,0,35.57653685,0,0,1151.47958,286.868443,176.5981153,912.0836222,0,0,3.83119937,163.7770789,0,29.54140726,10.99867253,0,0,378.1582117,141.3744939,0,0,0,0,1131.124735,3764.979955,2232.797242,515.2589062,0,18.62976149,1131.504188,46.15198347,345.5178307,47.8871914,104.4378481,2367.302559,23.58644126,0,0,170.2234453,0,43.89796695,118.9374962,346.2194151,919.929677,0,0,0,0,24.23791449,0,66.83803732,0,0,19.29615248,0,128.8798595,0,599.5529699,0,0,0,0,0,0
basil0622_43.D,43lec13t1,lemon,flower,citrus,5,0.0902,0,130.253606,440.294764,8560.260183,2631.520998,764.4656491,7183.800137,0,0,485.9433759,0,95796.92799,3204.452165,319.7627099,4628.670884,0,343.3692092,36295.3876,13371.52936,1749.85069,36843.57383,0,0,0,1278.550812,0,354.8374084,272.590119,219.8249796,0,3191.013401,0,0,0,0,0,28979.47905,73933.48182,51544.35648,11724.35633,0,0,22854.64394,0,9800.291028,688.2744975,691.437759,22463.58851,1231.435331,0,0,0,15148.66844,1008.490114,762.3964925,4394.81566,18052.35441,0,0,0,0,1034.649545,0,685.7959276,0,61.81782795,0,638.8505197,0,0,1127.48236,8.38608417,0,0,133.7291987,430.3079324,1241.008281
basil0622_05.D,5ltc53t1,lettuce,flower,swt bas,15,0.3454,0,30.4163264,81.8946526,212.7331792,0,980.1636803,74.59746595,230.6754061,96.84170311,98.47209915,0,6598.927531,0,273.3447545,39.1686716,3.48601082,27.30970159,0,0,170.4690504,0,44.23114311,5.85389676,15.4606798,18.16861535,158.3127059,13.96769324,4.96138093,12.19530946,0.64885748,699.7074772,0,127.706271,0,0,0,286.5322301,0,4341.611537,0,418.3287584,98.28009878,409.7282012,0,83.76692524,31.11384094,0,154.1332278,133.3039634,55.57767699,50.7958612,42.02448127,449.9469786,291.3431557,369.3566356,74.04749768,22.32387849,17.33884932,0,0,11.72284005,99.67493844,0,0,0,0,17.51634318,0,117.0361382,0,51.18128709,0,50.87539494,0,4.62073383,13.39667087,37.46447614
basil0622_07.D,7lic92t1,lettuce,leaf,swt bas,1,0.0869,0,699.0144861,2191.801794,2781.739361,237.9142705,18840.64266,0,3671.56571,0,0,253.2384311,30158.48465,0,974.3514434,1424.233671,6232.260767,0,0,0,3898.952568,0,6877.676743,253.3426834,47.92365764,0,20126.15551,184.3420867,0,3543.396836,5797.176886,2033.740844,7431.302412,0,12636.81386,2088.035647,11769.56993,455.9206776,0,10986.5947,0,2243.472295,2392.461342,3156.283051,0,1391.519668,505.3846994,0,1271.395005,0,0,0,0,932.5644341,247.8047977,2715.370438,0,0,0,0,0,0,0,0,0,0,288.6942611,665.3905431,0,6039.228719,277.90989,6495.471929,5998.693545,0,0,0,0,0
basil0622_08.D,8ltc23t1,lettuce,flower,swt bas,14,0.3885,783.1775708,16.58686232,49.10667116,160.7398351,0,461.9205789,0,353.2771776,52.47104299,96.8189505,0,4958.527793,132.232337,0,23.97784889,2571.329515,0,0,0,144.9588046,0,0,3.3400347,14.54989218,19.54108123,167.6884263,0,2.77911731,0,3.05907642,235.8904524,0,0,0,0,0,85.40440891,0,2442.672513,0,153.2703015,0,226.3975286,9.20688163,0,34.05658309,0,237.4740656,95.6262367,37.99337931,41.37853014,0,142.3625428,53.82478855,283.2428797,60.78533308,11.24815208,17.606611,0,0,29.27999933,17.13564279,0,0,0,0,31.91675899,0,314.730925,17.55878676,72.27346833,2.22329018,40.24731391,0,9.53306826,0,0
basil0622_15.D,15ltc51t1,lettuce,leaf,swt bas,1,0.0915,0,0,0,0,0,0,0,35680.97308,0,0,0,0,0,0,0,325.8779462,1317.299344,0,0,22482.98777,0,0,0,947.1059702,0,0,0,334.6702216,0,0,0,0,0,796.8800229,0,1331.614408,0,0,0,0,0,0,0,0,0,0,0,0,0,0,0,0,0,0,0,0,0,0,0,0,884.9428448,0,0,0,1664.036823,174.474996,0,0,0,0,0,1457.124919,0,0,0,0,0
basil0622_33.D,33lic52t2,lettuce,flower,swt bas,10,0.2562,74.33448163,24.24304041,61.47438178,124.4368493,0,737.8568475,0,125.958179,70.61515776,134.4643811,0,8416.074435,0,0,35.16810503,2.56661789,24.10156415,0,0,163.520392,0,0,30.16182022,2.28914891,28.42189099,391.9082681,0,6.54585163,20.77914139,0,863.2543026,45.59884862,0,69.87189692,0,56.85694019,264.4331334,0,4421.090029,0,297.1908772,0,471.5104034,0,0,66.05523256,5.3833007,900.2000597,15.96201203,0,42.19078747,66.97667038,285.1308181,363.174764,343.6367455,504.9312591,7.70130916,15.07169381,70.15426288,1.63398416,0.75077993,13.78426839,6.46023488,0,0,9.78826661,33.5457622,0,244.8969236,0,116.736078,61.97905948,0,0,0,0,0
basil0622_36.D,36ltc42t1,lettuce,flower,swt bas,17,0.2145,0,136.5012279,327.0448814,1165.600097,0,5504.676371,0,253.4934566,493.2567422,923.5341139,0,31186.72578,211.9035536,43.06885785,257.8110751,6.27543137,148.7007438,0,0,316.4694352,0,0,370.3520919,37.62733994,454.1532732,2948.97606,51.32335618,0,128.4756522,7.76243876,8135.97216,0,0,0,0,0,3364.358667,0,0,2314.456116,2212.670094,292.7547879,4661.651965,0,773.2995673,390.145736,26.68052496,2576.915566,247.2269036,0,0,0,2979.857092,3033.596386,2424.587728,228.1945203,73.004077,113.3614462,39.08619384,0,22.84999716,688.206651,0,0,0,0,214.5202952,12.5666737,1642.320894,0,207.8050469,0,186.5875766,120.5769425,0,149.5851098,337.1933951
basil0622_80.D,80gdc86t2,lettuce,flower,swt bas,11,0.164,0,0,0,0,198.2923028,522.4932666,66.25662214,0,0,0,0,2908.405296,944.9511813,180.6532627,77.19321318,27.4917809,93.35736037,0,0,417.0020278,0,274.5694691,44.62924852,0,84.86110551,1293.271378,0,0,0,0,968.3188474,0,0,0,0,0,458.5619947,23.49352288,185.9100522,130.8714859,374.532559,0,595.7069356,0,183.5643192,91.27169546,0,338.3521445,47.87559635,0,0,0,114.0939544,286.1781388,529.8808624,0,0,0,0,0,0,0,0,0,0,0,60.42500347,0,563.5483241,0,190.4668693,0,133.5249264,0,0,0,0
basil0622_23.D,23amc43t1,lime,leaf,pungent,1,0.023,0,0,0,0,361.0827291,882.8295091,0,0,0,0,0,0,2574.918704,0,0,745273.6166,0,0,0,5001.119727,0,0,0,0,564.9015506,0,704.4358545,0,13398.87792,669.8941102,1964.581424,26715.97445,0,50814.55039,9277.101467,47516.78454,0,3588.15971,8207.370172,0,2526.500257,0,0,0,0,0,0,0,0,0,0,0,0,0,0,0,2511.642685,1030.898667,0,0,0,0,0,0,0,323.0209152,176.6361694,1382.39712,0,0,17738.68968,13307.73766,0,0,0,697.2465319,0
basil0622_59.D,59lic0t2,lime,flower,pungent,9,0.1344,0,0,0,0,437.385698,0,0,0,0,0,0,0,962.2800739,0,0,72003.29544,0,0,0,534.595503,0,0,0,0,68.31411756,0,0,0,151.2679279,30.62581262,247.5122697,263.5149369,0,492.414037,0,462.1537402,291.2857051,824.4942442,1272.16781,0,0,0,0,0,88.87918525,0,0,317.9698055,0,0,0,0,0,0,0,70.43437229,494.5331016,0,0,0,0,0,0,0,0,0,0,0,0,0,1119.085377,674.9344886,0,0,0,0,0
basil0622_77.D,77lic2t2,lime,flower,pungent,5,0.0787,0,0,0,0,2027.710423,0,0,0,0,0,0,0,1599.846744,0,0,178179.4913,0,0,0,1454.497473,0,0,0,0,167.2498511,0,0,44.35052228,0,245.2428607,290.2664275,0,107.8582413,0,0,0,876.2640261,2435.684644,3876.36631,0,79.21301764,49.75892137,1004.696057,0,261.2686668,0,0,633.0956821,0,0,0,0,994.993977,0,0,182.5681045,1804.834061,0,0,0,0,0,0,0,0,0,0,0,0,0,547.7522959,0,0,0,47.01393052,0,0
basil0622_78.D,78lic22t2,lime,flower,pungent,9,0.0845,0,0,0,0,126.9569025,0,0,0,0,0,0,71.93479549,1204.624211,0,0,82039.23648,0,45.59107409,0,942.6733322,0,0,0,0,367.0216246,0,0,24.43404062,0,110.2815342,314.245916,0,0,0,0,0,941.3419553,1570.086669,2116.946328,0,0,15.68641072,910.97189,0,158.4528451,26.838965,0,857.8044287,0,0,0,0,428.5480081,45.48985883,0,116.9759358,876.2870036,0,0,0,0,0,0,341.4316003,0,0,0,0,0,0,357.6943478,0,0,0,23.89090918,0,0
basil0622_03.D,3mmc16t1,mammolo,flower,eucalyptol,24,0.446,343.948413,7.74803021,18.72051608,20.65929682,0,109.7741366,137.2609733,0,0,24.33037454,16.20059461,525.1670769,159.1764199,8.27152526,6.13139907,0.96061136,11.92200413,0,0,59.93668288,0,16.74982725,1.57767511,5.47938394,0,39.14814756,0,0.61467288,1.81465207,0,71.19465759,0,0,0,0,0,18.74567068,0,908.9243737,0,40.70060921,0,43.20036142,0,0,4.91279018,0,48.47721509,45.04169794,13.95762538,11.078147,10.5688015,44.38079246,12.54103014,54.24490387,8.96813651,2.38737953,2.61845048,0,0,4.34513302,7.29745402,0,0,0,0,3.50964544,0,24.44868125,2.7652686,7.34390932,0.37585006,0,0,3.137633,0,0
basil0622_09.D,9mmc46t1,mammolo,leaf,eucalyptol,1,0.0726,77543.97559,4167.395228,11972.64731,11930.26208,0,141431.1266,25912.50052,16629.29093,0,548.6117737,781.1248298,109338.9933,0,0,2271.080372,206.2780854,0,0,0,8496.004892,0,1931.784165,0,1616.262019,0,14812.30992,0,70.68921963,0,0,0,318.1552027,0,0,8552.964596,438.1650359,552.6871179,0,102951.5375,0,1856.801504,0,2708.788376,0,0,525.6548625,0,266.6414614,0,0,478.7011167,630.3723637,4352.730698,509.9474628,6072.732749,0,0,0,0,0,1286.483904,0,0,0,0,763.327901,404.6116618,0,2986.170189,695.0461991,2202.565911,985.3777131,0,0,0,0,0
basil0622_27.D,27mmc43t1,mammolo,flower,eucalyptol,11,0.3398,1554.394808,36.32105631,104.3888302,162.905449,0,850.1108247,683.8869636,500.0383489,6.55245058,0,0,6257.127351,239.5103044,62.49443113,60.28100836,0,70.20520296,0,0,162.2246488,0,152.3637201,23.5179026,49.95240267,0,917.1251676,0,0,7.4049338,1.01822404,448.2931947,0,0,0,0,0,151.1736215,0,3599.873618,0,166.7349039,0,303.4031874,0,0,33.91044461,0,359.0167013,390.4522835,0,31.54280731,0,250.4769464,148.2854408,280.350135,24.01385221,6.46013194,13.36253319,13.54040869,0,52.0448138,20.02361054,0,0,0,0,30.53216635,0,273.9808905,0,0,0,0,0,9.86868248,0,0
basil0622_56.D,56mmc42t2,mammolo,flower,eucalyptol,22,0.3025,0,18.99360559,50.8231766,168.7601709,12.6276065,1061.02088,1114.066377,0,0,191.2322897,0,9818.204515,489.6759998,64.56455327,64.79773826,0,20.2303357,0,0,155.178154,0,198.9104236,29.75240263,0,0,468.8095307,0,3.55644153,19.21199296,0,1150.720885,0,203.7698175,111.9788671,0,0,452.8858541,0,7252.753145,0,666.3840056,0,849.4373656,29.62140448,236.2436712,150.91968,0,1591.452608,148.9456391,0,0,0,655.0022806,563.4969907,618.8394547,37.35661348,11.12355953,25.34927711,17.2742897,9.12118003,0,58.5190787,0,0,0,0,49.4406036,0,446.0325541,0,111.4964923,15.15376479,66.19485248,0,0,0,0
basil0622_68.D,68mmc84t2,mammolo,flower,eucalyptol,30,0.2816,0,13.10441072,36.65297489,239.2664796,0,609.5609061,645.4611128,0,0,0,0,13989.38737,633.2088433,186.3059602,143.629497,0,22.27997798,0,0,221.0295794,0,514.6696099,78.69530281,0,77.7795596,2288.855747,13.71510197,0,30.88147805,1.52437989,1986.649541,0,0,53.78879923,0,0,930.3924709,0,6967.226555,0,576.0152181,15.9659369,1342.266011,0,296.1117738,158.698029,5.485988,710.6313591,283.4865188,130.8414252,88.52626817,0,1097.242245,543.2689648,861.5633878,52.07203097,18.70367358,37.33458216,21.96834988,5.12629036,0,290.0713794,0,0,0,0,110.6684193,0,884.8382124,0,124.3770512,0,96.20398963,41.85885597,7.43280447,10.20586462,24.8136858
basil0622_69.D,69mmc43t2,mammolo,flower,eucalyptol,31,0.4051,0,0,0,0,0,65.04713262,86.91797382,0,0,16.29661114,0,2239.330226,252.0735318,13.1425467,19.87064129,0,51.64308011,0,0,64.82693089,0,76.05907772,5.78149562,0,13.81724594,272.0817126,0,0,4.76859783,0,273.1762754,0,0,10.28349394,0,0,124.7862655,0,2030.343494,27.5499133,112.8415224,0,196.9227742,0,37.14984979,28.85234543,0,114.8306373,110.7456179,19.76492067,0,0,183.6982831,110.4034981,169.5117761,10.10833528,3.23675745,7.73991394,8.23056196,5.99023677,0,41.84196373,0,0,0,0,17.59136598,0,167.3741751,0,46.24575535,0,29.03371806,0,2.84894804,0,0
basil0622_01.D,1snc116t1,purp opal,flower,clove,12,0.1341,195.8342752,43.93610199,141.7938958,373.2875547,244.135266,1054.942722,259.7728907,0,0,112.973711,0,8864.865848,70.24549881,26.31425354,114.9408495,8122.861359,0,0,0,281.8231298,0,108.9585727,14.96612176,4.15164605,25.95368437,1244.239449,0,1.75526662,0,4.21163481,182.4296509,0,0,0,0,0,126.63363,8.99897626,140.7241353,54.85695851,114.9679501,64.37536219,443.5235551,9.2347481,134.0193699,72.16808844,0,317.4288211,12.92235679,69.73748632,67.33955965,124.0423826,80.99980174,65.31748571,538.1680757,94.07813491,13.58701642,27.28717911,0,0,0,0,76.02254775,0,77.4210402,0,69.80180558,0,500.9883155,0,211.4540792,0,0,0,0,0,0
basil0622_10.D,10poc85t1,purp opal,flower,clove,22,0.1967,0,49.88273201,145.7665269,544.0212546,0,1662.915249,2319.92374,3.9960926,0,0,0,14488.54109,0,1212.028842,143.4102274,8.64410804,0,0,4.53786069,81.56702929,0,868.8479285,357.9296417,6.10778766,111.4912449,2354.655528,33.21543888,5.60140938,121.0612808,6.62203154,5497.410512,90.70266781,14.14891777,151.0382316,99.81628391,136.042267,1178.4816,112.6156196,633.0228101,376.4374424,1346.060183,176.363892,1181.696086,52.0184557,671.9787059,91.97063437,72.90542042,1179.841547,11.77055856,68.4825847,108.9845701,220.8364113,500.8686536,1762.348714,331.0757788,241.0678216,52.06171557,27.06166752,39.70498881,0,0,0,0,0,0,2.60321679,45.95219054,31.0522925,332.8114552,0,115.4755014,44.21702215,83.15029492,0,7.12604579,6.0199158,5.94303401
basil0622_16.D,16poc35t1,purp opal,leaf,clove,1,0.0477,0,0,0,0,0,2555.305949,0,0,0,0,0,0,0,0,0,512.713443,0,0,0,11230.84197,0,0,0,0,0,0,0,0,708.6811391,0,0,1168.186033,475.7374695,2326.377945,0,2064.718132,0,0,0,0,0,0,0,0,0,0,0,0,0,0,0,0,0,0,0,0,0,0,0,0,0,0,0,0,0,0,0,0,0,0,0,254.0918162,0,0,0,0,0
basil0622_21.D,21poc30t1,purp opal,flower,clove,10,0.1549,0,76.84938624,294.685014,664.9307953,0,3538.969794,1538.428673,0,0,0,0,25699.94022,0,1654.033514,246.7032544,13.97953502,12.21509526,0,0,378.6352253,0,807.6912036,135.4533625,0,154.4727187,1004.398953,66.40974572,0,471.0451563,0,4329.321136,747.7950338,242.2844992,1306.307019,133.3546384,1133.261538,1722.888325,75.92524647,244.4956097,657.0910098,562.8568945,215.2659148,1741.139959,0,765.4775117,200.8262777,71.49168445,825.5606675,0,114.9520878,82.99801487,0,250.1702146,1242.214924,575.6095195,316.0517434,69.15428039,59.69452425,0,0,0,0,0,0,0,0,115.5396906,0,824.5660578,0,1128.151211,372.2339311,418.780065,0,0,0,0
basil0622_41.D,41poc212t1,purp opal,flower,clove,22,0.1972,0,84.14406582,301.8791926,758.0227145,0,3373.661731,2063.216301,0,28.2477448,102.2965196,9253.599457,15978.54988,0,1480.941961,240.7612734,4.40402333,0,0,0,178.9919673,0,1301.701522,382.0359591,6.76643407,329.6550694,1028.811442,24.73350154,15.83169081,93.02640708,0,6385.141819,0,0,0,0,0,1959.248329,151.8149281,0,692.1442206,1508.004024,0,2023.181969,0,897.7780622,153.0597685,0,2473.747249,22.83759712,0,132.8156207,197.7651825,479.0496901,1405.560616,552.6019941,168.6399421,23.86810816,34.40981555,68.62622455,0,0,13.47924511,0,0,0,0,106.539987,26.40795778,818.0868532,0,73.66902267,0,113.4810391,0,0,19.04007099,56.706891
basil0622_02.D,2snc86t1,swt nufar,flower,clove,17,0.4122,114.3649173,83.31299943,217.8902488,1079.560778,9.73446308,1984.816999,1961.518895,0,34.06156236,225.2024362,0,11263.68547,191.9221814,322.7510132,82.82887445,5314.996411,0,0,5.15592848,77.29336862,0,429.0739764,190.0672077,4.81617079,121.8523258,35.92205464,60.7513948,13.13380125,39.72489325,2.51816421,3070.388945,0,0,0,0,0,1316.443176,112.6340826,126.0962254,412.3094393,1088.121895,0,0,123.2828843,557.9573744,127.75058,146.3171478,3409.674419,69.46214867,264.5357037,249.3344334,419.3281517,446.0614348,1767.906846,581.70594,378.7047438,64.02109058,67.45138736,44.71984975,7.28928884,0,8.96807474,9.94091189,22.28365338,10.12378251,0,85.94102178,5.63805849,689.2280002,0,9.22049875,0.26750377,51.12485048,48.29231699,2.68544836,3.07085802,13.99957405
basil0622_19.D,19snc25t1,swt nufar,flower,clove,10,0.2492,0,119.1016623,327.3880225,2122.836527,0,3800.175118,3072.954428,0,72.49537594,345.2427179,0,45720.43552,0,0,152.0654699,25627.29803,0,0,0,226.0364356,0,0,366.9834868,7.3822114,360.0359755,0,90.30995838,30.93004639,99.33451618,2.25251455,8143.74837,0,0,0,0,0,3644.82794,235.0329977,0,1320.848602,2633.741433,635.4531378,0,0,1409.498739,303.6908926,162.0698526,4810.926264,61.56994516,259.0464798,230.0376945,452.3226336,748.2260303,2461.694341,1245.942175,510.7385451,88.93309767,90.2625708,64.87959322,0,0,29.48528252,0,65.06219503,0,0,190.6586132,0,1215.702049,0,314.3418855,0,210.317429,109.9407883,0,12.88890668,40.18857422
basil0622_29.D,29snc115t1,swt nufar,flower,clove,14,0.405,0,22.08133777,68.32718355,523.6155961,8.63994341,815.9620619,870.7304968,0,16.86355051,159.68108,0,14064.78854,0,252.7758273,62.53923651,5763.00206,0,0,4.71943199,67.07903441,0,365.2688115,116.2072404,2.23259781,132.0596211,9.62470349,36.75957154,10.86711688,36.40677049,0,2793.42104,0,0,0,0,0,1705.801473,83.16024744,0,625.7339828,931.5624456,266.9144043,2382.624855,0,523.7526322,245.6563313,0,1855.991201,39.74644923,0,187.0567205,251.3175054,208.7299527,1404.564362,1110.430739,188.4217802,18.33545227,58.71573331,37.14352976,0,0,23.88023172,19.72996321,0,20.09291086,0,212.4506075,9.22972118,1560.820634,0,231.6578435,0,115.1996848,42.23474454,0,9.51714343,28.56271153
